Area	long	lat	year	houseSales	meanHousePrice	MedianHousePrice	populationOfTaxPayers	meanAnnualSalary	MedianAnnualSalary	weeklyRent
City of London	51.5128	-0.0918	1995	165	146043	105,00	9000	98400	40000	55
City of London	51.5128	-0.0918	1996	284	136344	124250	9200	100000	42000	56
City of London	51.5128	-0.0918	1997	328	156418	135000	9400	104000	44000	58
City of London	51.5128	-0.0918	1998	436	227377	169250	9500	105000	45000	58
City of London	51.5128	-0.0918	1999	545	232854	180000	10000	109800	40400	59
City of London	51.5128	-0.0918	2000	441	255964	200000	10000	137000	65000	59
City of London	51.5128	-0.0918	2001	373	266277	237500	12000	92900	38300	60
City of London	51.5128	-0.0918	2002	393	270879	250000	11000	78700	37000	63
City of London	51.5128	-0.0918	2003	483	322733	285000	10000	85800	39200	65
City of London	51.5128	-0.0918	2004	378	292696	280000	10000	95600	44400	68
City of London	51.5128	-0.0918	2005	306	329697	310000	10000	90600	49300	66
City of London	51.5128	-0.0918	2006	300	374654	337500	10000	99200	49000	65
City of London	51.5128	-0.0918	2007	270	490706	416250	10000	102000	58500	69
City of London	51.5128	-0.0918	2008	143	412940	365000	10000	120522	59200	73
City of London	51.5128	-0.0918	2009	159	449611	400000	9000	137000	61900	75
City of London	51.5128	-0.0918	2010	237	524581	450000	8000	127000	61300	76
City of London	51.5128	-0.0918	2011	256	541192	465000	8000	117000	51600	83
City of London	51.5128	-0.0918	2012	197	537160	485000	9000	131000	58300	90
City of London	51.5128	-0.0918	2013	427	775504	615000	9000	151000	65300	112
City of London	51.5128	-0.0918	2014	316	894046	769100	9000	144000	61100	100
City of London	51.5128	-0.0918	2015	282	926292	800000	10000	142000	60000	104
City of London	51.5128	-0.0918	2016	137	928037	831400	12000	157000	57300	105
City of London	51.5128	-0.0918	2017	203	950760	835000	11000	148000	60000	104
City of London	51.5128	-0.0918	2018	185	965842	845300	12000	142000	55200	100
City of London	51.5128	-0.0918	2019	196	981354	842320	12000	128000	54200	103
City of London	51.5128	-0.0918	2020	124	1254654	861002	10000	142000	56700	106
City of London	51.5128	-0.0918	2021	133	1345060	875215	9000	167000	62200	107
Barking and Dagenham	51.5362	0.0792	1995	1488	50165	49000	54100	15000	14000	43
Barking and Dagenham	51.5362	0.0792	1996	1894	51680	49995	56210	15300	14500	45
Barking and Dagenham	51.5362	0.0792	1997	2443	56222	53500	58000	15830	14800	45
Barking and Dagenham	51.5362	0.0792	1998	2516	63874	59995	60000	16000	14900	47
Barking and Dagenham	51.5362	0.0792	1999	2699	69544	65000	62000	16200	15000	49
Barking and Dagenham	51.5362	0.0792	2000	2834	84111	78000	71000	18100	15600	52
Barking and Dagenham	51.5362	0.0792	2001	3227	94451	89500	56000	18600	16200	54
Barking and Dagenham	51.5362	0.0792	2002	3468	118795	115250	67000	19100	17000	57
Barking and Dagenham	51.5362	0.0792	2003	3638	145661	140000	67000	18000	17400	58
Barking and Dagenham	51.5362	0.0792	2004	3638	163828	159995	77000	19400	16600	60
Barking and Dagenham	51.5362	0.0792	2005	2901	169663	163000	83000	20600	17900	63
Barking and Dagenham	51.5362	0.0792	2006	3682	175139	167998	77000	20600	17600	66
Barking and Dagenham	51.5362	0.0792	2007	4016	192859	185000	78000	21300	18600	71
Barking and Dagenham	51.5362	0.0792	2008	1710	196942	190000	78000	22000	19000	73
Barking and Dagenham	51.5362	0.0792	2009	1266	166483	160000	76000	23100	19400	72
Barking and Dagenham	51.5362	0.0792	2010	1459	179018	170000	69000	22500	19400	73
Barking and Dagenham	51.5362	0.0792	2011	1463	180165	170000	73000	22800	19600	79
Barking and Dagenham	51.5362	0.0792	2012	1346	181471	174000	74000	23700	20100	88
Barking and Dagenham	51.5362	0.0792	2013	1743	187943	180995	77000	24600	21000	90
Barking and Dagenham	51.5362	0.0792	2014	2123	215810	215000	74000	25500	21800	91
Barking and Dagenham	51.5362	0.0792	2015	2240	244126	245500	83000	25900	22100	98
Barking and Dagenham	51.5362	0.0792	2016	2063	289176	290000	88000	26700	23300	96
Barking and Dagenham	51.5362	0.0792	2017	1880	301518	300000	85000	27400	23900	97
Barking and Dagenham	51.5362	0.0792	2018	2000	100000	78521	85000	28800	25200	94
Barking and Dagenham	51.5362	0.0792	2019	2100	101111	79520	85000	29400	25700	95
Barking and Dagenham	51.5362	0.0792	2020	2150	103000	80100	87000	30800	26800	97
Barking and Dagenham	51.5362	0.0792	2021	1950	105000	82120	90000	31800	28000	96
Barnet	51.6521	-0.1996	1995	4758	111019	85125	156200	22000	16500	50
Barnet	51.6521	-0.1996	1996	6254	111203	87000	157000	23510	17900	50
Barnet	51.6521	-0.1996	1997	6853	135580	100000	158000	24650	17800	52
Barnet	51.6521	-0.1996	1998	6500	147673	113995	159000	25000	18000	54
Barnet	51.6521	-0.1996	1999	7616	173356	135000	161000	26800	18700	55
Barnet	51.6521	-0.1996	2000	6648	199147	159000	156000	30800	19400	56
Barnet	51.6521	-0.1996	2001	6942	220955	174975	159000	30400	18700	57
Barnet	51.6521	-0.1996	2002	7447	257942	207000	150000	32300	19700	61
Barnet	51.6521	-0.1996	2003	6313	284178	233000	150000	33900	20000	62
Barnet	51.6521	-0.1996	2004	6798	306902	249000	155000	32800	19900	64
Barnet	51.6521	-0.1996	2005	5459	318450	250000	161000	35600	21100	67
Barnet	51.6521	-0.1996	2006	6832	341937	273000	173000	36700	20400	70
Barnet	51.6521	-0.1996	2007	6950	380566	295000	173000	38700	22000	75
Barnet	51.6521	-0.1996	2008	3493	387784	280000	170000	40000	23000	79
Barnet	51.6521	-0.1996	2009	3214	382142	290000	167000	41600	24300	81
Barnet	51.6521	-0.1996	2010	4209	444386	325000	176000	38800	24100	83
Barnet	51.6521	-0.1996	2011	3949	440755	325000	179000	39200	24200	95
Barnet	51.6521	-0.1996	2012	4085	450269	330000	172000	41000	25800	98
Barnet	51.6521	-0.1996	2013	4746	479968	345000	167000	45500	26800	98
Barnet	51.6521	-0.1996	2014	4915	534786	400000	175000	45000	27100	101
Barnet	51.6521	-0.1996	2015	4966	566874	450000	178000	49000	27700	103
Barnet	51.6521	-0.1996	2016	4927	584202	476500	180000	48600	28800	102
Barnet	51.6521	-0.1996	2017	3769	667593	533500	188000	49500	28700	102
Barnet	51.6521	-0.1996	2018	3865	645512	550000	188000	51600	29900	102
Barnet	51.6521	-0.1996	2019	3416	785132	570000	192000	51600	30700	101
Barnet	51.6521	-0.1996	2020	3215	824658	614000	189000	54400	32200	104
Barnet	51.6521	-0.1996	2021	3014	864230	631400	190000	59100	33500	107
Bexley	51.455	0.1505	1995	3430	66294	62000	199000	61000	35000	113
Bexley	51.455	0.1505	1996	3987	69941	65000	200000	63000	36000	114
Bexley	51.455	0.1505	1997	4742	75484	71000	210000	62000	37000	115
Bexley	51.455	0.1505	1998	4301	85497	79000	215000	63100	38000	115
Bexley	51.455	0.1505	1999	5101	94395	86000	105000	20500	17200	113
Bexley	51.455	0.1505	2000	4411	109347	98500	116000	19800	17300	112
Bexley	51.455	0.1505	2001	5312	126216	116973	112000	22000	18300	110
Bexley	51.455	0.1505	2002	5771	151225	139500	114000	21500	17800	112
Bexley	51.455	0.1505	2003	5231	174984	163000	113000	21900	17700	113
Bexley	51.455	0.1505	2004	5102	188354	175000	124000	22300	17700	109
Bexley	51.455	0.1505	2005	4079	194798	183000	121000	24000	19400	109
Bexley	51.455	0.1505	2006	5035	209006	195000	123000	24600	19600	109
Bexley	51.455	0.1505	2007	5051	223771	212000	123000	26700	19800	112
Bexley	51.455	0.1505	2008	2501	219495	210000	120000	27000	21000	112
Bexley	51.455	0.1505	2009	2187	209521	196000	117000	27600	22100	113
Bexley	51.455	0.1505	2010	2478	226616	215000	114000	27400	22600	114
Bexley	51.455	0.1505	2011	2554	226283	215000	114000	28300	22300	114
Bexley	51.455	0.1505	2012	2878	225465	210000	115000	28600	23100	114
Bexley	51.455	0.1505	2013	3350	236952	225000	118000	29600	24400	115
Bexley	51.455	0.1505	2014	3872	267268	250000	122000	30200	24400	114
Bexley	51.455	0.1505	2015	3821	295262	285000	127000	30900	24500	114
Bexley	51.455	0.1505	2016	3371	340626	328000	125000	32300	26100	112
Bexley	51.455	0.1505	2017	3161	357779	342500	122000	33500	26900	112
Bexley	51.455	0.1505	2018	3254	361250	350000	130000	34600	26900	113
Bexley	51.455	0.1505	2019	3142	374850	360000	126000	36000	28000	113
Bexley	51.455	0.1505	2020	3000	395410	370000	126000	36400	28800	113
Bexley	51.455	0.1505	2021	2851	400000	380000	135000	38000	29300	114
Brent	51.5588	-0.2817	1995	3473	77258	68000	138000	39000	30000	70
Brent	51.5588	-0.2817	1996	3832	82824	73000	139000	41000	31000	71
Brent	51.5588	-0.2817	1997	4343	96499	83500	141000	42000	32000	72
Brent	51.5588	-0.2817	1998	4373	111868	96000	145000	42000	33000	72
Brent	51.5588	-0.2817	1999	4733	125958	112000	122000	20000	16500	73
Brent	51.5588	-0.2817	2000	4538	154194	139000	130000	22200	16800	73
Brent	51.5588	-0.2817	2001	4837	175865	158000	127000	21100	16500	74
Brent	51.5588	-0.2817	2002	4915	210014	187000	116000	21700	16400	74
Brent	51.5588	-0.2817	2003	4318	230062	210000	119000	22500	16800	74
Brent	51.5588	-0.2817	2004	4154	249534	223500	137000	21800	16500	77
Brent	51.5588	-0.2817	2005	3330	266301	240000	135000	23200	17600	80
Brent	51.5588	-0.2817	2006	4004	284109	249950	144000	24600	18200	79
Brent	51.5588	-0.2817	2007	4351	321197	280000	161000	24700	18300	83
Brent	51.5588	-0.2817	2008	2096	328763	275000	150000	25000	18500	87
Brent	51.5588	-0.2817	2009	1601	322691	275000	145000	26100	19600	87
Brent	51.5588	-0.2817	2010	2427	345055	283000	146000	26700	19700	88
Brent	51.5588	-0.2817	2011	2218	360423	300000	149000	27400	20200	95
Brent	51.5588	-0.2817	2012	2076	395126	322500	144000	28300	20600	105
Brent	51.5588	-0.2817	2013	2439	429877	347500	150000	29700	21300	113
Brent	51.5588	-0.2817	2014	2850	468859	385000	147000	31200	22700	115
Brent	51.5588	-0.2817	2015	2927	506322	415000	154000	32600	23200	114
Brent	51.5588	-0.2817	2016	2864	517497	445000	155000	34100	24100	113
Brent	51.5588	-0.2817	2017	1979	578705	499950	155000	35400	24700	114
Brent	51.5588	-0.2817	2018	2000	600000	500000	159000	36300	25600	113
Brent	51.5588	-0.2817	2019	1854	620000	520000	155000	37800	26200	113
Brent	51.5588	-0.2817	2020	1862	630000	580000	152000	40400	27200	116
Brent	51.5588	-0.2817	2021	1742	700000	621000	149000	44100	30000	120
Bromley	51.405	0.0148	1995	4798	93441	76625	151000	46000	33000	125
Bromley	51.405	0.0148	1996	6483	97597	80000	153000	47000	38000	125
Bromley	51.405	0.0148	1997	7353	105027	86000	154000	48000	39000	127
Bromley	51.405	0.0148	1998	6212	118048	99995	155000	49000	40000	126
Bromley	51.405	0.0148	1999	7246	138486	116500	163000	25100	18500	126
Bromley	51.405	0.0148	2000	6636	164025	135000	167000	26400	19500	126
Bromley	51.405	0.0148	2001	7606	182176	152725	164000	27400	19100	129
Bromley	51.405	0.0148	2002	8163	209252	176820	160000	27700	20100	132
Bromley	51.405	0.0148	2003	6958	238066	205000	150000	29200	21400	135
Bromley	51.405	0.0148	2004	7602	259452	225000	169000	29200	20900	139
Bromley	51.405	0.0148	2005	6399	267788	230000	173000	31400	22400	145
Bromley	51.405	0.0148	2006	8472	282058	242500	177000	32800	23000	149
Bromley	51.405	0.0148	2007	8069	316391	260000	181000	34400	23200	155
Bromley	51.405	0.0148	2008	3788	304375	250000	170000	35000	24000	155
Bromley	51.405	0.0148	2009	3947	301946	249000	163000	36500	24900	156
Bromley	51.405	0.0148	2010	4413	327306	275000	161000	35900	25800	159
Bromley	51.405	0.0148	2011	4363	336236	275000	168000	36400	25100	164
Bromley	51.405	0.0148	2012	4854	333020	277500	169000	37200	26900	165
Bromley	51.405	0.0148	2013	5458	354045	295000	173000	39000	27200	168
Bromley	51.405	0.0148	2014	6076	397487	335000	168000	40400	28100	169
Bromley	51.405	0.0148	2015	5957	441675	375000	171000	43500	29800	172
Bromley	51.405	0.0148	2016	5242	478142	420000	172000	44000	30400	175
Bromley	51.405	0.0148	2017	4663	502623	440000	174000	45500	32000	179
Bromley	51.405	0.0148	2018	4500	510000	450000	177000	46600	32800	185
Bromley	51.405	0.0148	2019	4400	530000	480000	176000	48200	33700	188
Bromley	51.405	0.0148	2020	4100	590000	500000	177000	49300	33800	194
Bromley	51.405	0.0148	2021	4200	620000	520000	176000	54500	35800	199
Camden	51.5413	-0.1467	1995	2823	151364	114000	181000	58000	39000	58
Camden	51.5413	-0.1467	1996	3688	168988	127500	184000	60000	39000	58
Camden	51.5413	-0.1467	1997	4086	193421	145000	185000	62000	40000	58
Camden	51.5413	-0.1467	1998	3664	220291	160000	188000	63000	41000	60
Camden	51.5413	-0.1467	1999	4083	248232	190000	85000	39000	20500	60
Camden	51.5413	-0.1467	2000	3582	311696	235000	107000	40000	19700	63
Camden	51.5413	-0.1467	2001	3702	339288	249995	101000	42800	19800	65
Camden	51.5413	-0.1467	2002	3947	377033	279950	96000	43000	21700	69
Camden	51.5413	-0.1467	2003	3221	377836	273000	90000	45700	21300	70
Camden	51.5413	-0.1467	2004	3833	411840	305000	97000	50200	23200	68
Camden	51.5413	-0.1467	2005	3395	440809	325000	97000	56200	24200	72
Camden	51.5413	-0.1467	2006	4210	492802	357500	101000	60200	25900	75
Camden	51.5413	-0.1467	2007	3690	562205	410000	107000	69800	26900	79
Camden	51.5413	-0.1467	2008	2093	656935	440000	105000	69000	27000	82
Camden	51.5413	-0.1467	2009	2222	600683	417500	103000	68900	28400	85
Camden	51.5413	-0.1467	2010	2769	716429	478500	101000	67100	29400	86
Camden	51.5413	-0.1467	2011	2650	724250	483500	104000	69300	30400	92
Camden	51.5413	-0.1467	2012	2432	780751	500000	105000	71200	31600	104
Camden	51.5413	-0.1467	2013	2936	836170	585000	99000	78900	32000	104
Camden	51.5413	-0.1467	2014	2724	966927	675000	104000	79200	33100	110
Camden	51.5413	-0.1467	2015	2450	1040035	705000	103000	85000	34400	115
Camden	51.5413	-0.1467	2016	2145	1063248	735000	103000	88000	35500	114
Camden	51.5413	-0.1467	2017	2128	1099876	760000	101000	92600	37300	113
Camden	51.5413	-0.1467	2018	2100	1100000	770000	106000	87400	35600	113
Camden	51.5413	-0.1467	2019	2000	1500000	820000	104000	96900	38200	111
Camden	51.5413	-0.1467	2020	1950	1800000	860000	100000	107000	38900	114
Camden	51.5413	-0.1467	2021	1900	1900000	880000	108000	119000	38900	115
Croydon	51.3723	-0.1004	1995	5232	71800	60000	145000	17000	16000	60
Croydon	51.3723	-0.1004	1996	6489	75678	64500	147000	18000	16200	62
Croydon	51.3723	-0.1004	1997	7511	83343	71000	149000	19000	16400	62
Croydon	51.3723	-0.1004	1998	7383	94296	79000	150000	20000	16500	63
Croydon	51.3723	-0.1004	1999	8003	107094	89000	152000	21500	16700	64
Croydon	51.3723	-0.1004	2000	6154	128084	110000	162000	22100	17300	68
Croydon	51.3723	-0.1004	2001	7000	144254	126000	153000	23500	18300	66
Croydon	51.3723	-0.1004	2002	8619	172274	150100	166000	23400	18000	69
Croydon	51.3723	-0.1004	2003	7652	196228	172000	165000	23300	19000	66
Croydon	51.3723	-0.1004	2004	7709	209354	185000	175000	24300	18600	68
Croydon	51.3723	-0.1004	2005	6339	218049	194500	173000	25800	19600	70
Croydon	51.3723	-0.1004	2006	8163	230773	205000	171000	27200	20700	74
Croydon	51.3723	-0.1004	2007	8271	247869	222500	179000	28100	20900	79
Croydon	51.3723	-0.1004	2008	3900	253571	226500	170000	29000	21000	82
Croydon	51.3723	-0.1004	2009	3393	233442	200000	166000	29700	23100	84
Croydon	51.3723	-0.1004	2010	3643	254458	220000	173000	29000	22000	85
Croydon	51.3723	-0.1004	2011	3512	256219	220000	171000	29700	22700	96
Croydon	51.3723	-0.1004	2012	3634	262587	230000	174000	30700	23900	100
Croydon	51.3723	-0.1004	2013	4811	271891	239950	173000	31800	24300	105
Croydon	51.3723	-0.1004	2014	5841	300572	265000	176000	32600	25100	107
Croydon	51.3723	-0.1004	2015	5617	340768	306000	178000	34200	26300	107
Croydon	51.3723	-0.1004	2016	5177	372054	338000	186000	33800	25600	105
Croydon	51.3723	-0.1004	2017	4725	399645	365000	183000	35600	27500	104
Croydon	51.3723	-0.1004	2018	4500	400000	380000	187000	36500	27800	103
Croydon	51.3723	-0.1004	2019	4300	410000	390000	184000	37800	29400	103
Croydon	51.3723	-0.1004	2020	4100	420000	410000	189000	38300	29100	106
Croydon	51.3723	-0.1004	2021	4200	430000	420000	190000	40900	30400	109
Ealing	51.5127	-0.305	1995	4068	91045	75000	121000	19800	18700	58
Ealing	51.5127	-0.305	1996	5169	97595	80000	124000	19900	15900	58
Ealing	51.5127	-0.305	1997	5963	112582	90000	125000	20000	16000	60
Ealing	51.5127	-0.305	1998	5727	126671	103000	129000	21000	16200	60
Ealing	51.5127	-0.305	1999	6268	153236	125000	130000	22800	16400	61
Ealing	51.5127	-0.305	2000	5387	176993	145000	149000	23800	17000	63
Ealing	51.5127	-0.305	2001	6156	196261	163000	141000	25200	17500	66
Ealing	51.5127	-0.305	2002	6348	227974	190000	141000	25400	18900	68
Ealing	51.5127	-0.305	2003	5858	238760	210000	135000	26100	19400	64
Ealing	51.5127	-0.305	2004	6089	260325	231000	154000	26500	19100	67
Ealing	51.5127	-0.305	2005	4950	271985	235000	165000	26900	19000	69
Ealing	51.5127	-0.305	2006	6564	292639	248000	159000	28700	19900	74
Ealing	51.5127	-0.305	2007	6237	327798	270000	169000	30000	20200	77
Ealing	51.5127	-0.305	2008	2783	327502	270000	160000	31000	21000	79
Ealing	51.5127	-0.305	2009	2398	328818	257750	156000	32400	21800	82
Ealing	51.5127	-0.305	2010	3213	350588	279275	166000	30700	20800	82
Ealing	51.5127	-0.305	2011	3035	375143	293000	162000	32000	21300	86
Ealing	51.5127	-0.305	2012	3253	397675	310000	163000	32600	22700	93
Ealing	51.5127	-0.305	2013	3806	427847	326000	166000	34500	23200	92
Ealing	51.5127	-0.305	2014	3378	501526	387775	167000	35300	24600	95
Ealing	51.5127	-0.305	2015	3486	524967	432000	175000	37000	24900	97
Ealing	51.5127	-0.305	2016	3060	553669	465000	177000	37300	26100	96
Ealing	51.5127	-0.305	2017	2527	578110	485000	170000	39700	26700	96
Ealing	51.5127	-0.305	2018	2410	590000	500000	173000	39800	26400	96
Ealing	51.5127	-0.305	2019	2416	610000	520000	170000	42700	28200	95
Ealing	51.5127	-0.305	2020	2310	620000	540000	172000	44100	29500	98
Ealing	51.5127	-0.305	2021	2111	680000	560000	178000	46800	30900	100
Enfield	51.6537	-0.0849	1995	4772	78510	66000	182000	49000	32000	54
Enfield	51.6537	-0.0849	1996	5539	82956	69995	184000	52000	33000	54
Enfield	51.6537	-0.0849	1997	6166	95078	78000	189000	52000	35000	55
Enfield	51.6537	-0.0849	1998	6174	102483	85000	192000	53000	36000	56
Enfield	51.6537	-0.0849	1999	6631	113881	94000	124000	21500	16100	56
Enfield	51.6537	-0.0849	2000	5830	133086	114000	123000	20800	15900	58
Enfield	51.6537	-0.0849	2001	7155	154918	130000	128000	23100	17500	63
Enfield	51.6537	-0.0849	2002	7332	178250	153000	121000	24100	18100	66
Enfield	51.6537	-0.0849	2003	6383	205939	180000	119000	24200	18200	65
Enfield	51.6537	-0.0849	2004	6273	220110	193000	132000	23900	17000	67
Enfield	51.6537	-0.0849	2005	5102	228931	200000	132000	25800	18900	69
Enfield	51.6537	-0.0849	2006	6376	244472	210000	139000	27100	19500	72
Enfield	51.6537	-0.0849	2007	6484	267817	233000	145000	28100	19900	77
Enfield	51.6537	-0.0849	2008	3120	271592	234600	140000	29000	20000	79
Enfield	51.6537	-0.0849	2009	2570	266596	225000	134000	30600	22100	81
Enfield	51.6537	-0.0849	2010	2910	284303	241000	135000	29000	20900	81
Enfield	51.6537	-0.0849	2011	2734	285335	240000	135000	30400	22300	86
Enfield	51.6537	-0.0849	2012	2805	295101	248000	143000	30800	22700	92
Enfield	51.6537	-0.0849	2013	3368	309261	250000	136000	32900	23900	96
Enfield	51.6537	-0.0849	2014	3687	350007	285000	137000	34400	25300	103
Enfield	51.6537	-0.0849	2015	3505	389903	331000	139000	34600	25100	102
Enfield	51.6537	-0.0849	2016	3061	450294	385000	144000	34600	25400	101
Enfield	51.6537	-0.0849	2017	2612	463806	402500	144000	36200	26300	100
Enfield	51.6537	-0.0849	2018	2400	480000	420000	143000	37200	27300	101
Enfield	51.6537	-0.0849	2019	2300	600000	440000	145000	39500	28300	101
Enfield	51.6537	-0.0849	2020	2200	520000	480000	137000	40700	29500	104
Enfield	51.6537	-0.0849	2021	2100	540000	500000	142000	42800	29900	106
Greenwich	51.4821	0.0048	1995	2540	73079	61500	78000	19000	15500	52
Greenwich	51.4821	0.0048	1996	3010	76051	64000	80000	19500	15800	53
Greenwich	51.4821	0.0048	1997	3443	82966	66000	82000	20000	15900	54
Greenwich	51.4821	0.0048	1998	3490	93892	75000	84000	20200	16000	56
Greenwich	51.4821	0.0048	1999	4316	111953	90000	86000	20700	16600	56
Greenwich	51.4821	0.0048	2000	3857	130980	106500	95000	22400	16000	55
Greenwich	51.4821	0.0048	2001	4840	148821	123995	91000	24000	18600	59
Greenwich	51.4821	0.0048	2002	5465	176529	150000	95000	22900	17000	61
Greenwich	51.4821	0.0048	2003	5003	194558	169995	91000	23300	17800	64
Greenwich	51.4821	0.0048	2004	5692	208339	180000	108000	23100	17100	65
Greenwich	51.4821	0.0048	2005	4734	225123	200000	109000	25500	18200	67
Greenwich	51.4821	0.0048	2006	5296	237557	209995	118000	27400	19200	71
Greenwich	51.4821	0.0048	2007	5225	260342	224000	118000	29900	20500	76
Greenwich	51.4821	0.0048	2008	2429	267688	230000	115000	30000	21000	78
Greenwich	51.4821	0.0048	2009	1969	264755	220000	113000	32800	21400	81
Greenwich	51.4821	0.0048	2010	2243	296528	245000	111000	30000	21300	82
Greenwich	51.4821	0.0048	2011	2570	296637	249995	117000	31000	21800	87
Greenwich	51.4821	0.0048	2012	2850	293544	245000	115000	31500	22600	93
Greenwich	51.4821	0.0048	2013	3485	330113	275000	110000	34200	23500	97
Greenwich	51.4821	0.0048	2014	4433	369977	317500	119000	34800	24600	102
Greenwich	51.4821	0.0048	2015	4060	401116	351000	121000	37300	25600	105
Greenwich	51.4821	0.0048	2016	3769	445432	395000	132000	37500	26000	104
Greenwich	51.4821	0.0048	2017	3305	462820	420000	124000	40200	27600	91
Greenwich	51.4821	0.0048	2018	3200	490000	440000	135000	41300	27400	90
Greenwich	51.4821	0.0048	2019	3100	500000	480000	127000	44700	30100	89
Greenwich	51.4821	0.0048	2020	3000	520000	500000	132000	46400	30600	92
Greenwich	51.4821	0.0048	2021	2950	560000	510000	136000	48900	31800	94
Hackney	51.545	-0.0553	1995	1774	71607	61975	68000	15000	13500	54
Hackney	51.545	-0.0553	1996	2128	75653	66000	70000	16200	13800	55
Hackney	51.545	-0.0553	1997	2902	89193	76998	71000	17200	13900	56
Hackney	51.545	-0.0553	1998	3034	103205	87500	75000	17555	14000	57
Hackney	51.545	-0.0553	1999	3165	128381	113000	79000	18700	14400	57
Hackney	51.545	-0.0553	2000	2826	155478	135000	78000	20000	15800	58
Hackney	51.545	-0.0553	2001	3401	178984	160000	72000	22400	17700	62
Hackney	51.545	-0.0553	2002	3743	204119	180000	76000	21300	17300	65
Hackney	51.545	-0.0553	2003	2851	224569	195000	73000	21500	17000	59
Hackney	51.545	-0.0553	2004	3413	236936	215000	86000	22900	18000	61
Hackney	51.545	-0.0553	2005	2607	249624	220000	92000	24600	19300	65
Hackney	51.545	-0.0553	2006	3479	275795	245000	99000	25300	18400	68
Hackney	51.545	-0.0553	2007	3632	313566	264000	93000	27900	20900	72
Hackney	51.545	-0.0553	2008	1740	318166	265000	100000	28000	21000	75
Hackney	51.545	-0.0553	2009	1882	313700	275000	102000	29800	22200	79
Hackney	51.545	-0.0553	2010	2228	345288	290500	99000	29500	22300	79
Hackney	51.545	-0.0553	2011	2246	354522	310000	101000	31200	23300	89
Hackney	51.545	-0.0553	2012	2630	379410	325000	101000	32700	24300	91
Hackney	51.545	-0.0553	2013	2708	430254	375000	100000	36300	26000	95
Hackney	51.545	-0.0553	2014	2845	501633	430000	106000	37100	26000	99
Hackney	51.545	-0.0553	2015	2831	564761	490000	109000	40200	27800	103
Hackney	51.545	-0.0553	2016	2464	602843	535250	109000	40600	28000	102
Hackney	51.545	-0.0553	2017	2130	614955	530000	112000	43100	29400	101
Hackney	51.545	-0.0553	2018	2200	610000	550000	116000	44900	29600	100
Hackney	51.545	-0.0553	2019	2300	630000	550000	111000	47200	32400	98
Hackney	51.545	-0.0553	2020	2400	670000	570000	109000	49400	32800	102
Hackney	51.545	-0.0553	2021	2500	690000	580000	123000	52500	34300	103
Hammersmith and Fulham	51.4927	"	-0.2334"	1995	3038	137774	109500	65000	29000	17500	55
Hammersmith and Fulham	51.4927	"	-0.2334"	1996	3987	150521	122000	67000	30000	17920	56
Hammersmith and Fulham	51.4927	"	-0.2334"	1997	4242	176577	136000	68000	32000	18000	57
Hammersmith and Fulham	51.4927	"	-0.2334"	1998	3586	197311	159950	70000	33000	18500	58
Hammersmith and Fulham	51.4927	"	-0.2334"	1999	4339	240838	191500	72000	34900	19900	58
Hammersmith and Fulham	51.4927	"	-0.2334"	2000	3649	281619	222000	87000	35400	19300	59
Hammersmith and Fulham	51.4927	"	-0.2334"	2001	3688	306977	245000	83000	37500	21000	61
Hammersmith and Fulham	51.4927	"	-0.2334"	2002	4082	345434	265000	86000	35800	20800	64
Hammersmith and Fulham	51.4927	"	-0.2334"	2003	3409	357956	280000	83000	36200	19600	65
Hammersmith and Fulham	51.4927	"	-0.2334"	2004	3784	386124	300250	95000	38300	20800	68
Hammersmith and Fulham	51.4927	"	-0.2334"	2005	3244	418105	325000	87000	43100	23000	71
Hammersmith and Fulham	51.4927	"	-0.2334"	2006	4181	453325	350000	92000	46200	22800	75
Hammersmith and Fulham	51.4927	"	-0.2334"	2007	3858	534857	415000	103000	48600	23600	81
Hammersmith and Fulham	51.4927	"	-0.2334"	2008	1664	565249	435000	100000	50000	24000	83
Hammersmith and Fulham	51.4927	"	-0.2334"	2009	1953	555613	420000	93000	52900	26700	85
Hammersmith and Fulham	51.4927	"	-0.2334"	2010	2508	622446	460000	96000	52000	27100	56
Hammersmith and Fulham	51.4927	"	-0.2334"	2011	2718	638126	465000	98000	52700	27600	92
Hammersmith and Fulham	51.4927	"	-0.2334"	2012	2626	675674	490000	93000	54300	27600	93
Hammersmith and Fulham	51.4927	"	-0.2334"	2013	3005	766921	561440	93000	61300	30100	99
Hammersmith and Fulham	51.4927	"	-0.2334"	2014	2809	886074	661000	92000	62000	30100	106
Hammersmith and Fulham	51.4927	"	-0.2334"	2015	2413	940897	730000	97000	69700	32000	109
Hammersmith and Fulham	51.4927	"	-0.2334"	2016	2163	940225	730000	102000	66600	32300	108
Hammersmith and Fulham	51.4927	"	-0.2334"	2017	2016	972231	777475	94000	73200	33200	108
Hammersmith and Fulham	51.4927	"	-0.2334"	2018	2000	990000	780000	99000	72600	34100	107
Hammersmith and Fulham	51.4927	"	-0.2334"	2019	1950	1000000	800000	95000	75900	35800	104
Hammersmith and Fulham	51.4927	"	-0.2334"	2020	1920	1100000	810000	93000	77800	36200	107
Hammersmith and Fulham	51.4927	"	-0.2334"	2021	1890	1200000	830000	98000	83600	37000	109
Haringey	51.5908	-0.1095	1995	3373	89630	66500	180000	19000	14400	56
Haringey	51.5908	-0.1095	1996	3900	102676	71850	190000	19200	14500	57
Haringey	51.5908	-0.1095	1997	4548	106794	81000	120000	19500	14600	58
Haringey	51.5908	-0.1095	1998	4172	123957	91000	120000	20000	14900	58
Haringey	51.5908	-0.1095	1999	4744	143404	110000	124000	20600	15000	59
Haringey	51.5908	-0.1095	2000	4191	169316	130000	116000	24500	16600	60
Haringey	51.5908	-0.1095	2001	4591	193583	150000	90000	28000	19100	62
Haringey	51.5908	-0.1095	2002	4634	226533	180000	95000	26000	17100	65
Haringey	51.5908	-0.1095	2003	3905	237220	192500	102000	26100	18800	63
Haringey	51.5908	-0.1095	2004	4436	259485	213000	104000	27900	18300	65
Haringey	51.5908	-0.1095	2005	3536	274262	224998	117000	29500	18800	69
Haringey	51.5908	-0.1095	2006	4672	305233	237500	114000	32500	19000	72
Haringey	51.5908	-0.1095	2007	4347	352754	267500	124000	31900	19800	77
Haringey	51.5908	-0.1095	2008	2032	346868	250000	120000	32000	20000	80
Haringey	51.5908	-0.1095	2009	1870	350064	250000	118000	35100	21800	83
Haringey	51.5908	-0.1095	2010	2347	395977	290000	123000	32900	21500	83
Haringey	51.5908	-0.1095	2011	2306	411253	303000	116000	34600	22200	88
Haringey	51.5908	-0.1095	2012	2461	416303	315000	124000	35400	23300	94
Haringey	51.5908	-0.1095	2013	2657	481674	339800	122000	39100	24400	98
Haringey	51.5908	-0.1095	2014	2850	542902	405000	126000	39500	25800	103
Haringey	51.5908	-0.1095	2015	2692	569499	439498	131000	41700	25600	107
Haringey	51.5908	-0.1095	2016	2288	606629	460000	138000	39900	25100	106
Haringey	51.5908	-0.1095	2017	1888	683987	540000	138000	43800	27100	106
Haringey	51.5908	-0.1095	2018	1800	700000	590000	130000	46300	27400	105
Haringey	51.5908	-0.1095	2019	1900	710000	600000	129000	48600	28300	104
Haringey	51.5908	-0.1095	2020	1800	740000	620000	122000	50200	30000	105
Haringey	51.5908	-0.1095	2021	1750	760000	650000	128000	57100	31300	107
Harrow	51.5782	-0.3336	1995	2847	90114	79950	87000	19500	15300	62
Harrow	51.5782	-0.3336	1996	3613	94547	82500	89000	19800	15500	62
Harrow	51.5782	-0.3336	1997	4018	109330	94159	90000	20000	15900	65
Harrow	51.5782	-0.3336	1998	3871	123547	107500	92000	21000	16000	66
Harrow	51.5782	-0.3336	1999	4495	142317	124000	96000	23300	16600	67
Harrow	51.5782	-0.3336	2000	3972	168105	147250	99000	25700	19300	69
Harrow	51.5782	-0.3336	2001	4351	185011	165000	100000	26500	19300	71
Harrow	51.5782	-0.3336	2002	4534	221864	197475	106000	26900	19400	73
Harrow	51.5782	-0.3336	2003	4240	254590	230000	103000	26300	19600	75
Harrow	51.5782	-0.3336	2004	4034	271431	245000	114000	26800	19600	77
Harrow	51.5782	-0.3336	2005	3313	281710	249000	116000	29200	20700	77
Harrow	51.5782	-0.3336	2006	4326	295528	250000	119000	30800	21400	77
Harrow	51.5782	-0.3336	2007	4024	320820	280000	120000	32400	22100	79
Harrow	51.5782	-0.3336	2008	2188	314681	275000	115000	33000	22500	81
Harrow	51.5782	-0.3336	2009	1946	290911	250000	119000	33300	22800	84
Harrow	51.5782	-0.3336	2010	2263	331517	291000	125000	31100	22300	87
Harrow	51.5782	-0.3336	2011	2168	343717	294000	122000	32400	23000	96
Harrow	51.5782	-0.3336	2012	2269	343714	302000	124000	33300	24000	102
Harrow	51.5782	-0.3336	2013	2551	369829	325000	122000	36000	25200	107
Harrow	51.5782	-0.3336	2014	2714	427077	370000	120000	37000	26100	113
Harrow	51.5782	-0.3336	2015	2931	461919	400000	130000	38500	26300	115
Harrow	51.5782	-0.3336	2016	2239	504811	460000	128000	38400	27300	114
Harrow	51.5782	-0.3336	2017	1946	527206	500000	129000	39000	27600	113
Harrow	51.5782	-0.3336	2018	2000	550000	510000	131000	39300	27600	112
Harrow	51.5782	-0.3336	2019	2015	580000	530000	130000	41500	29500	112
Harrow	51.5782	-0.3336	2020	2216	600000	570000	123000	42800	30200	116
Harrow	51.5782	-0.3336	2021	2589	610000	580000	125000	46500	32300	117
Havering	51.5745	0.1831	1995	3186	75226	66375	128000	19100	13900	42
Havering	51.5745	0.1831	1996	3826	79625	68500	129000	19000	14000	45
Havering	51.5745	0.1831	1997	4272	84998	74000	132000	19500	14200	46
Havering	51.5745	0.1831	1998	3718	95269	82500	135000	20000	14500	47
Havering	51.5745	0.1831	1999	4359	106996	90000	105000	20400	14800	47
Havering	51.5745	0.1831	2000	3805	122976	110000	129000	21400	17000	48
Havering	51.5745	0.1831	2001	4694	136554	122500	114000	22200	17400	49
Havering	51.5745	0.1831	2002	4928	163234	145000	124000	22700	18300	53
Havering	51.5745	0.1831	2003	4539	192244	173995	121000	22800	18100	53
Havering	51.5745	0.1831	2004	4861	208511	188000	125000	23100	18600	55
Havering	51.5745	0.1831	2005	3989	219961	195000	135000	25000	20200	56
Havering	51.5745	0.1831	2006	5110	227975	205000	132000	26100	20400	59
Havering	51.5745	0.1831	2007	5434	246249	222500	133000	27100	20800	63
Havering	51.5745	0.1831	2008	2637	246272	222500	130000	28000	21000	66
Havering	51.5745	0.1831	2009	2413	225795	200000	123000	29700	22000	68
Havering	51.5745	0.1831	2010	2734	257191	221000	123000	29000	22500	70
Havering	51.5745	0.1831	2011	2593	248856	220000	125000	30400	22700	75
Havering	51.5745	0.1831	2012	2818	245160	221000	128000	30600	23500	81
Havering	51.5745	0.1831	2013	3548	257481	232250	122000	31300	24700	87
Havering	51.5745	0.1831	2014	4152	284185	250000	124000	32100	24900	91
Havering	51.5745	0.1831	2015	4143	317807	287500	128000	33600	26000	91
Havering	51.5745	0.1831	2016	3730	358601	332000	128000	33900	26100	98
Havering	51.5745	0.1831	2017	3474	387535	350000	130000	35700	27900	98
Havering	51.5745	0.1831	2018	3500	400000	370000	131000	37100	29700	98
Havering	51.5745	0.1831	2019	3400	420000	380000	130000	38100	29800	97
Havering	51.5745	0.1831	2020	3200	440000	390000	136000	38000	29000	101
Havering	51.5745	0.1831	2021	3100	450000	420000	135000	40000	29800	103
Hillingdon	51.5331	-0.4473	1995	3478	81489	71000	100000	19500	15600	64
Hillingdon	51.5331	-0.4473	1996	4848	84197	72500	102000	20000	15700	65
Hillingdon	51.5331	-0.4473	1997	5080	93055	79925	108000	21000	15800	66
Hillingdon	51.5331	-0.4473	1998	4958	103077	89000	110000	21500	16000	67
Hillingdon	51.5331	-0.4473	1999	5945	119189	104950	111000	21700	16100	67
Hillingdon	51.5331	-0.4473	2000	5114	141787	124950	130000	20900	17100	69
Hillingdon	51.5331	-0.4473	2001	4712	158026	140000	113000	23600	17600	71
Hillingdon	51.5331	-0.4473	2002	5773	183959	166950	118000	24000	18800	72
Hillingdon	51.5331	-0.4473	2003	5551	210379	190000	117000	23800	18900	74
Hillingdon	51.5331	-0.4473	2004	5588	223758	210000	123000	25200	20400	76
Hillingdon	51.5331	-0.4473	2005	4504	233399	218250	126000	26300	20200	78
Hillingdon	51.5331	-0.4473	2006	5469	253091	230000	128000	27600	21200	81
Hillingdon	51.5331	-0.4473	2007	5465	271401	245000	133000	27900	21800	84
Hillingdon	51.5331	-0.4473	2008	3076	268423	245000	132000	28000	22000	86
Hillingdon	51.5331	-0.4473	2009	2590	255440	230000	131000	29300	23000	89
Hillingdon	51.5331	-0.4473	2010	3094	282348	249999	134000	28400	21900	90
Hillingdon	51.5331	-0.4473	2011	3370	288639	249950	139000	30000	23500	95
Hillingdon	51.5331	-0.4473	2012	3301	296744	250000	136000	30100	23200	101
Hillingdon	51.5331	-0.4473	2013	3332	306450	269950	139000	31300	23600	105
Hillingdon	51.5331	-0.4473	2014	3690	348123	305750	139000	32300	25300	111
Hillingdon	51.5331	-0.4473	2015	3722	393842	352250	145000	33900	25900	110
Hillingdon	51.5331	-0.4473	2016	3294	439746	400000	145000	34300	26200	109
Hillingdon	51.5331	-0.4473	2017	3117	452272	415000	142000	35900	27100	108
Hillingdon	51.5331	-0.4473	2018	3100	480000	416000	141000	36800	28100	109
Hillingdon	51.5331	-0.4473	2019	3200	490000	420000	145000	37300	28100	108
Hillingdon	51.5331	-0.4473	2020	3100	500000	440000	142000	38200	28400	111
Hillingdon	51.5331	-0.4473	2021	3000	510000	450000	144000	41600	30600	114
Hounslow	51.4672	-0.361	1995	3497	89489	73000	99000	20000	14400	49
Hounslow	51.4672	-0.361	1996	3961	92155	73000	100000	20000	14600	49
Hounslow	51.4672	-0.361	1997	4512	101768	80000	102000	20200	14800	50
Hounslow	51.4672	-0.361	1998	3534	123952	95000	104000	20500	15000	52
Hounslow	51.4672	-0.361	1999	4246	143128	113000	106000	20900	15200	53
Hounslow	51.4672	-0.361	2000	4106	169888	130000	121000	22400	16600	56
Hounslow	51.4672	-0.361	2001	4518	189187	148500	101000	23800	16500	58
Hounslow	51.4672	-0.361	2002	4928	214367	174950	105000	24500	18600	61
Hounslow	51.4672	-0.361	2003	4610	235931	200000	104000	24800	18900	62
Hounslow	51.4672	-0.361	2004	4674	247790	215000	118000	25500	18400	65
Hounslow	51.4672	-0.361	2005	3653	260221	220000	117000	26900	18800	67
Hounslow	51.4672	-0.361	2006	4803	287101	235000	124000	27800	19100	71
Hounslow	51.4672	-0.361	2007	4831	311925	249995	129000	29000	20400	76
Hounslow	51.4672	-0.361	2008	2329	314107	249000	126000	30000	21000	78
Hounslow	51.4672	-0.361	2009	1836	314530	240000	124000	31800	22000	77
Hounslow	51.4672	-0.361	2010	2476	342719	249950	136000	30800	21600	79
Hounslow	51.4672	-0.361	2011	2319	363455	250000	133000	32400	21800	84
Hounslow	51.4672	-0.361	2012	2386	358795	265000	133000	32200	22400	91
Hounslow	51.4672	-0.361	2013	2845	397806	280000	130000	35800	23700	98
Hounslow	51.4672	-0.361	2014	3219	427360	319950	129000	36800	24700	101
Hounslow	51.4672	-0.361	2015	3205	462024	355000	135000	38400	25000	105
Hounslow	51.4672	-0.361	2016	2867	476268	380000	140000	39900	26100	105
Hounslow	51.4672	-0.361	2017	2445	507876	395000	135000	40300	26400	107
Hounslow	51.4672	-0.361	2018	2400	520000	400000	140000	42000	27800	105
Hounslow	51.4672	-0.361	2019	2320	530000	420000	136000	41700	27500	103
Hounslow	51.4672	-0.361	2020	2120	580000	440000	135000	43000	28500	105
Hounslow	51.4672	-0.361	2021	2100	620000	480000	140000	45400	29300	107
Islington	51.5382	-0.1022	1995	1768	119917	95000	55000	25000	17900	58
Islington	51.5382	-0.1022	1996	2425	124792	102250	57000	26000	17600	58
Islington	51.5382	-0.1022	1997	3144	144903	118875	62000	28000	17500	59
Islington	51.5382	-0.1022	1998	3223	169409	145000	68000	30000	18000	60
Islington	51.5382	-0.1022	1999	3794	204670	170000	69000	31100	19900	60
Islington	51.5382	-0.1022	2000	2988	246055	197500	93000	30000	17600	62
Islington	51.5382	-0.1022	2001	3343	260959	216800	82000	33500	18700	64
Islington	51.5382	-0.1022	2002	3401	292153	245000	86000	36300	19100	69
Islington	51.5382	-0.1022	2003	2882	294619	246250	80000	36800	21500	67
Islington	51.5382	-0.1022	2004	3044	320209	250000	92000	35400	20800	67
Islington	51.5382	-0.1022	2005	3060	333339	270000	92000	39000	22800	70
Islington	51.5382	-0.1022	2006	4031	366741	295000	96000	41400	23100	74
Islington	51.5382	-0.1022	2007	3781	437251	347000	105000	43300	24400	79
Islington	51.5382	-0.1022	2008	2322	425669	350000	100000	45000	26000	82
Islington	51.5382	-0.1022	2009	2385	414331	345000	98000	48400	27100	84
Islington	51.5382	-0.1022	2010	2838	480212	387498	101000	47600	26100	86
Islington	51.5382	-0.1022	2011	2623	507197	399995	105000	47200	28100	92
Islington	51.5382	-0.1022	2012	2861	523617	410000	105000	48400	28500	100
Islington	51.5382	-0.1022	2013	2998	575438	465000	104000	51900	28700	106
Islington	51.5382	-0.1022	2014	2828	669869	535000	102000	56800	31000	112
Islington	51.5382	-0.1022	2015	2331	743764	580000	109000	58900	31100	116
Islington	51.5382	-0.1022	2016	2309	754514	620000	114000	59500	32900	116
Islington	51.5382	-0.1022	2017	1649	778290	615000	106000	62100	33400	117
Islington	51.5382	-0.1022	2018	1600	790000	630000	113000	63900	35100	117
Islington	51.5382	-0.1022	2019	1590	800000	640000	109000	66100	36400	118
Islington	51.5382	-0.1022	2020	1550	810000	660000	107000	70100	35600	121
Islington	51.5382	-0.1022	2021	1530	850000	680000	110000	76600	38200	123
Kensington and Chelsea	51.4979	-0.1936	1995	3574	263462	172750	62000	50000	17000	64
Kensington and Chelsea	51.4979	-0.1936	1996	4436	297757	195000	65000	52000	17500	64
Kensington and Chelsea	51.4979	-0.1936	1997	4869	347240	225000	68000	52000	17800	66
Kensington and Chelsea	51.4979	-0.1936	1998	4225	378450	245000	70000	55000	18000	67
Kensington and Chelsea	51.4979	-0.1936	1999	5173	432504	285000	73000	58200	18200	68
Kensington and Chelsea	51.4979	-0.1936	2000	4431	558627	343000	74000	86500	25200	68
Kensington and Chelsea	51.4979	-0.1936	2001	4064	583952	363000	75000	78900	25900	70
Kensington and Chelsea	51.4979	-0.1936	2002	4526	615562	399450	68000	72900	25400	74
Kensington and Chelsea	51.4979	-0.1936	2003	3510	660887	405000	64000	84900	24000	78
Kensington and Chelsea	51.4979	-0.1936	2004	4086	711106	455000	74000	86600	22400	80
Kensington and Chelsea	51.4979	-0.1936	2005	3408	756023	465000	74000	109000	27300	79
Kensington and Chelsea	51.4979	-0.1936	2006	4289	873065	525000	73000	122000	27500	79
Kensington and Chelsea	51.4979	-0.1936	2007	3753	1023870	640000	74000	151000	31900	83
Kensington and Chelsea	51.4979	-0.1936	2008	1726	1185892	701000	73000	158000	33000	87
Kensington and Chelsea	51.4979	-0.1936	2009	2056	1042685	680000	70000	161000	34100	90
Kensington and Chelsea	51.4979	-0.1936	2010	2460	1256272	750000	72000	128000	31700	91
Kensington and Chelsea	51.4979	-0.1936	2011	2496	1290725	790750	70000	137000	37200	97
Kensington and Chelsea	51.4979	-0.1936	2012	2253	1511383	890714	70000	131000	37800	120
Kensington and Chelsea	51.4979	-0.1936	2013	2647	1666682	980000	71000	156000	37600	112
Kensington and Chelsea	51.4979	-0.1936	2014	2669	1946177	1197500	71000	158000	38700	119
Kensington and Chelsea	51.4979	-0.1936	2015	2162	1914363	1175000	74000	178000	37500	124
Kensington and Chelsea	51.4979	-0.1936	2016	1804	1953392	1200000	72000	171000	39500	123
Kensington and Chelsea	51.4979	-0.1936	2017	1535	2092485	1315000	68000	177000	40400	122
Kensington and Chelsea	51.4979	-0.1936	2018	1500	2300000	1350000	72000	173000	39300	121
Kensington and Chelsea	51.4979	-0.1936	2019	1400	2600000	1380000	67000	185000	42100	121
Kensington and Chelsea	51.4979	-0.1936	2020	1200	2800000	1450000	69000	198000	43300	123
Kensington and Chelsea	51.4979	-0.1936	2021	1000	2900000	1490000	68000	208000	43900	125
Kingston-upon-Thames	51.4123	-0.3007	1995	2901	97860	81000	65000	24000	18000	58
Kingston-upon-Thames	51.4123	-0.3007	1996	3430	106789	86000	67000	25000	19000	60
Kingston-upon-Thames	51.4123	-0.3007	1997	4149	114268	94950	68000	26000	19000	62
Kingston-upon-Thames	51.4123	-0.3007	1998	3599	133869	109500	70000	27000	20000	63
Kingston-upon-Thames	51.4123	-0.3007	1999	4101	152164	129950	71000	28400	20900	64
Kingston-upon-Thames	51.4123	-0.3007	2000	3578	187757	154000	77000	26400	18800	66
Kingston-upon-Thames	51.4123	-0.3007	2001	3969	201931	170000	77000	28400	19500	66
Kingston-upon-Thames	51.4123	-0.3007	2002	4300	232365	198000	79000	27900	20700	70
Kingston-upon-Thames	51.4123	-0.3007	2003	3571	244841	215195	78000	28300	20100	71
Kingston-upon-Thames	51.4123	-0.3007	2004	3939	267525	235000	82000	30500	20400	72
Kingston-upon-Thames	51.4123	-0.3007	2005	3228	277468	240000	86000	33400	22400	75
Kingston-upon-Thames	51.4123	-0.3007	2006	4253	302953	249999	85000	34300	22900	79
Kingston-upon-Thames	51.4123	-0.3007	2007	3932	346884	290000	82000	38200	25200	85
Kingston-upon-Thames	51.4123	-0.3007	2008	1710	356364	285000	80000	39000	25700	86
Kingston-upon-Thames	51.4123	-0.3007	2009	1892	328180	270000	78000	39200	25600	89
Kingston-upon-Thames	51.4123	-0.3007	2010	2355	373249	300000	88000	35500	24800	90
Kingston-upon-Thames	51.4123	-0.3007	2011	2249	364948	300000	82000	38700	26000	97
Kingston-upon-Thames	51.4123	-0.3007	2012	2353	383982	317500	83000	39900	26500	104
Kingston-upon-Thames	51.4123	-0.3007	2013	2748	414419	335000	84000	41900	26100	107
Kingston-upon-Thames	51.4123	-0.3007	2014	2988	475081	385000	79000	43600	29100	115
Kingston-upon-Thames	51.4123	-0.3007	2015	2556	502091	413500	80000	45800	30300	117
Kingston-upon-Thames	51.4123	-0.3007	2016	2167	547214	460000	86000	44500	30200	116
Kingston-upon-Thames	51.4123	-0.3007	2017	1928	573938	487250	79000	48700	32400	116
Kingston-upon-Thames	51.4123	-0.3007	2018	1900	600000	500000	84000	50300	33300	113
Kingston-upon-Thames	51.4123	-0.3007	2019	1850	620000	520000	84000	50500	33500	113
Kingston-upon-Thames	51.4123	-0.3007	2020	1821	670000	530000	81000	54000	34700	114
Kingston-upon-Thames	51.4123	-0.3007	2021	1799	690000	550000	82000	56500	35900	119
Lambeth	51.4606	-0.1162	1995	3500	79654	66000	124000	19000	14000	52
Lambeth	51.4606	-0.1162	1996	4820	95723	75000	126000	19000	14500	55
Lambeth	51.4606	-0.1162	1997	5990	106315	85000	127000	19500	15000	57
Lambeth	51.4606	-0.1162	1998	5664	127297	100000	130000	20000	15200	56
Lambeth	51.4606	-0.1162	1999	6142	147147	121000	131000	20700	15400	58
Lambeth	51.4606	-0.1162	2000	5990	180931	156875	126000	21900	15300	60
Lambeth	51.4606	-0.1162	2001	5999	212198	174200	119000	25600	18200	62
Lambeth	51.4606	-0.1162	2002	6399	232540	195000	119000	25900	18800	63
Lambeth	51.4606	-0.1162	2003	5536	237940	202000	119000	26600	20000	66
Lambeth	51.4606	-0.1162	2004	6033	254231	220000	137000	26800	19900	68
Lambeth	51.4606	-0.1162	2005	5270	268878	229000	134000	28700	20700	70
Lambeth	51.4606	-0.1162	2006	6695	293653	246000	145000	30900	21600	74
Lambeth	51.4606	-0.1162	2007	6375	340604	280000	147000	33300	22200	70
Lambeth	51.4606	-0.1162	2008	2989	342138	275000	148000	34000	23000	73
Lambeth	51.4606	-0.1162	2009	2383	336758	275000	149000	35400	24000	82
Lambeth	51.4606	-0.1162	2010	3519	366963	302000	153000	34200	24000	85
Lambeth	51.4606	-0.1162	2011	3612	377944	310000	148000	35700	24600	98
Lambeth	51.4606	-0.1162	2012	3956	398776	321250	148000	37600	26000	98
Lambeth	51.4606	-0.1162	2013	4912	437456	350000	151000	40600	26800	102
Lambeth	51.4606	-0.1162	2014	4858	538040	420000	161000	41100	27300	107
Lambeth	51.4606	-0.1162	2015	4575	554122	460000	161000	43700	28400	110
Lambeth	51.4606	-0.1162	2016	3962	588579	507600	165000	43900	29200	108
Lambeth	51.4606	-0.1162	2017	3661	616126	518110	162000	45600	29900	108
Lambeth	51.4606	-0.1162	2018	3500	600000	530000	170000	47500	31900	107
Lambeth	51.4606	-0.1162	2019	3200	620000	550000	168000	49100	31900	105
Lambeth	51.4606	-0.1162	2020	3100	680000	580000	167000	51900	32800	108
Lambeth	51.4606	-0.1162	2021	2900	690000	600000	169000	56100	34500	110
Lewisham	51.4446	-0.0209	1995	3383	61562	55500	95000	17000	13900	48
Lewisham	51.4446	-0.0209	1996	4224	62846	57500	98000	17500	14000	50
Lewisham	51.4446	-0.0209	1997	5128	73183	64000	100000	17800	14200	50
Lewisham	51.4446	-0.0209	1998	4963	83082	71250	103000	18000	14500	52
Lewisham	51.4446	-0.0209	1999	5677	96266	82000	106000	18200	14900	52
Lewisham	51.4446	-0.0209	2000	5496	118227	99995	129000	19400	15300	55
Lewisham	51.4446	-0.0209	2001	5639	136125	122000	113000	21600	18000	57
Lewisham	51.4446	-0.0209	2002	6277	161305	145000	113000	21400	17300	59
Lewisham	51.4446	-0.0209	2003	5665	185154	165000	114000	21500	17000	58
Lewisham	51.4446	-0.0209	2004	6003	198402	180000	130000	23100	18100	62
Lewisham	51.4446	-0.0209	2005	4827	205393	185000	124000	25200	20000	64
Lewisham	51.4446	-0.0209	2006	6015	223323	204300	124000	25800	20900	68
Lewisham	51.4446	-0.0209	2007	6110	247998	224998	137000	27100	21000	71
Lewisham	51.4446	-0.0209	2008	2619	250581	227000	120000	28000	22000	75
Lewisham	51.4446	-0.0209	2009	2122	239481	215000	117000	28700	22300	77
Lewisham	51.4446	-0.0209	2010	2818	263878	235000	121000	29300	23200	77
Lewisham	51.4446	-0.0209	2011	2880	267820	240000	126000	29800	22900	82
Lewisham	51.4446	-0.0209	2012	3280	281909	249000	121000	30400	23000	87
Lewisham	51.4446	-0.0209	2013	4199	305825	260000	126000	31500	24000	96
Lewisham	51.4446	-0.0209	2014	4485	360998	315000	135000	32400	24900	98
Lewisham	51.4446	-0.0209	2015	4484	403589	360000	131000	34500	25800	98
Lewisham	51.4446	-0.0209	2016	4096	434769	387000	138000	35900	26700	96
Lewisham	51.4446	-0.0209	2017	3309	475142	430000	140000	36800	27300	96
Lewisham	51.4446	-0.0209	2018	3100	490000	450000	140000	38000	27900	95
Lewisham	51.4446	-0.0209	2019	3000	510000	480000	139000	41100	30100	92
Lewisham	51.4446	-0.0209	2020	2800	533000	500000	141000	42600	30900	95
Lewisham	51.4446	-0.0209	2021	2700	550000	520000	149000	44800	32000	95
Merton	51.41	-0.2028	1995	3229	96344	74450	85000	23000	18200	50
Merton	51.41	-0.2028	1996	4035	103989	80000	87000	24000	18500	51
Merton	51.41	-0.2028	1997	4545	113866	84950	89000	25000	18600	53
Merton	51.41	-0.2028	1998	4327	136021	96950	90000	26000	19000	53
Merton	51.41	-0.2028	1999	5139	162996	120000	92000	27900	19100	55
Merton	51.41	-0.2028	2000	4136	186627	139950	109000	27900	18400	56
Merton	51.41	-0.2028	2001	4696	204604	160000	96000	28900	18500	58
Merton	51.41	-0.2028	2002	4904	234692	185000	94000	31600	21200	62
Merton	51.41	-0.2028	2003	4157	246892	200000	86000	31300	19700	60
Merton	51.41	-0.2028	2004	4647	277341	224999	105000	31600	19400	63
Merton	51.41	-0.2028	2005	3804	283600	233000	103000	34800	20500	66
Merton	51.41	-0.2028	2006	4827	303443	242000	104000	37200	21600	69
Merton	51.41	-0.2028	2007	4522	374834	263375	113000	39400	22300	69
Merton	51.41	-0.2028	2008	2264	369174	261500	110000	40000	23000	77
Merton	51.41	-0.2028	2009	2235	361132	250000	106000	44000	24100	77
Merton	51.41	-0.2028	2010	2553	433780	289000	105000	43100	24700	79
Merton	51.41	-0.2028	2011	2620	437253	295000	106000	43700	25200	77
Merton	51.41	-0.2028	2012	2784	424513	290000	105000	44400	25800	81
Merton	51.41	-0.2028	2013	3226	473134	321250	105000	48700	27800	82
Merton	51.41	-0.2028	2014	3077	537708	385000	106000	46900	27600	82
Merton	51.41	-0.2028	2015	2911	571363	420000	108000	50800	28500	83
Merton	51.41	-0.2028	2016	2560	587371	450000	111000	53200	29500	85
Merton	51.41	-0.2028	2017	2415	638519	470000	111000	54600	30200	85
Merton	51.41	-0.2028	2018	2300	660000	490000	108000	56300	30300	86
Merton	51.41	-0.2028	2019	2100	690000	510000	112000	55300	30300	86
Merton	51.41	-0.2028	2020	2000	720000	530000	112000	58500	32600	101
Merton	51.41	-0.2028	2021	1950	730000	570000	114000	63000	33900	101
Newham	51.5075	0.0467	1995	2974	47528	46750	70000	14500	12200	46
Newham	51.5075	0.0467	1996	3401	50082	50000	73000	14800	12500	47
Newham	51.5075	0.0467	1997	3822	57380	56000	75000	15200	12900	48
Newham	51.5075	0.0467	1998	4036	65286	63500	79000	15500	13000	49
Newham	51.5075	0.0467	1999	4422	75326	71973	80000	15800	13300	49
Newham	51.5075	0.0467	2000	4907	97266	91995	95000	17000	14700	54
Newham	51.5075	0.0467	2001	5531	117223	112000	88000	17700	15300	56
Newham	51.5075	0.0467	2002	5573	145563	141000	96000	17300	15000	59
Newham	51.5075	0.0467	2003	5455	177796	173000	96000	17400	14500	60
Newham	51.5075	0.0467	2004	4765	191477	186995	112000	18500	15100	58
Newham	51.5075	0.0467	2005	3945	203395	197600	109000	19200	15200	61
Newham	51.5075	0.0467	2006	4489	211861	211500	115000	19600	15800	64
Newham	51.5075	0.0467	2007	4408	231013	230000	122000	21000	16500	68
Newham	51.5075	0.0467	2008	2708	243171	235000	120000	21100	17000	71
Newham	51.5075	0.0467	2009	1424	206115	200000	118000	21900	17600	73
Newham	51.5075	0.0467	2010	1693	219872	220000	123000	21700	17400	74
Newham	51.5075	0.0467	2011	1615	214915	219000	127000	22000	17600	98
Newham	51.5075	0.0467	2012	1708	218974	219000	130000	23100	18500	95
Newham	51.5075	0.0467	2013	2332	233074	230000	124000	24800	20100	101
Newham	51.5075	0.0467	2014	2869	269497	250000	130000	25400	20200	98
Newham	51.5075	0.0467	2015	2834	319348	310000	136000	27300	22100	101
Newham	51.5075	0.0467	2016	2737	370476	355000	134000	28200	22500	103
Newham	51.5075	0.0467	2017	3384	409477	390500	141000	30000	24100	100
Newham	51.5075	0.0467	2018	3200	410000	400000	154000	31000	24300	99
Newham	51.5075	0.0467	2019	3100	420000	420000	158000	31700	24600	102
Newham	51.5075	0.0467	2020	3000	480000	440000	144000	34300	26600	105
Newham	51.5075	0.0467	2021	2900	500000	480000	146000	36100	28300	107
Redbridge	51.559	0.0743	1995	4001	75003	67995	89000	20000	16200	61
Redbridge	51.559	0.0743	1996	4664	80572	71000	90000	20500	16500	63
Redbridge	51.559	0.0743	1997	5138	86048	76375	92000	21000	16800	67
Redbridge	51.559	0.0743	1998	4803	95245	85000	94000	21500	17000	67
Redbridge	51.559	0.0743	1999	5543	109668	97500	96000	21700	17100	68
Redbridge	51.559	0.0743	2000	4980	131900	119000	98000	21700	16900	69
Redbridge	51.559	0.0743	2001	5782	155125	138000	118000	23800	17200	70
Redbridge	51.559	0.0743	2002	6306	185697	168000	111000	24000	18700	68
Redbridge	51.559	0.0743	2003	5743	211539	195000	111000	24100	19000	68
Redbridge	51.559	0.0743	2004	5900	232737	217500	120000	24500	17800	70
Redbridge	51.559	0.0743	2005	4923	238364	225000	122000	26500	20000	72
Redbridge	51.559	0.0743	2006	5837	256576	238000	126000	28300	20700	74
Redbridge	51.559	0.0743	2007	5477	280740	250000	128000	29100	21600	79
Redbridge	51.559	0.0743	2008	3026	280700	250000	126000	30000	22000	81
Redbridge	51.559	0.0743	2009	2552	255681	230000	124000	30200	22300	84
Redbridge	51.559	0.0743	2010	2968	286209	250000	128000	29400	22200	84
Redbridge	51.559	0.0743	2011	2539	294854	250000	127000	30900	22900	89
Redbridge	51.559	0.0743	2012	2509	303591	265000	128000	31800	23800	99
Redbridge	51.559	0.0743	2013	2947	315401	275000	130000	33100	25100	103
Redbridge	51.559	0.0743	2014	3574	338667	300000	131000	33900	25700	105
Redbridge	51.559	0.0743	2015	3294	387917	350000	140000	35300	26400	105
Redbridge	51.559	0.0743	2016	2960	423130	390000	137000	35500	27400	106
Redbridge	51.559	0.0743	2017	2569	452437	420000	136000	37100	28000	105
Redbridge	51.559	0.0743	2018	2300	480000	420000	138000	37100	27300	105
Redbridge	51.559	0.0743	2019	2200	500000	440000	138000	38500	28900	105
Redbridge	51.559	0.0743	2020	2100	520000	460000	139000	40300	30400	109
Redbridge	51.559	0.0743	2021	2000	530000	47000	138000	42700	31200	112
Richmond-upon-Thames	51.4516	-0.3352	1995	3455	138737	108000	78000	30000	19000	150
Richmond-upon-Thames	51.4516	-0.3352	1996	4957	150296	118500	80000	31000	19500	160
Richmond-upon-Thames	51.4516	-0.3352	1997	5391	172729	136000	82000	34000	20000	170
Richmond-upon-Thames	51.4516	-0.3352	1998	4911	201779	159000	85000	35000	20500	180
Richmond-upon-Thames	51.4516	-0.3352	1999	5977	237840	183500	86000	37300	20900	190
Richmond-upon-Thames	51.4516	-0.3352	2000	4062	284503	219500	113000	36700	21100	200
Richmond-upon-Thames	51.4516	-0.3352	2001	4752	300995	227000	94000	41500	23400	220
Richmond-upon-Thames	51.4516	-0.3352	2002	5294	324221	249950	93000	39500	23100	240
Richmond-upon-Thames	51.4516	-0.3352	2003	4622	346906	265000	84000	42700	25600	260
Richmond-upon-Thames	51.4516	-0.3352	2004	4998	383815	291250	102000	41800	24500	280
Richmond-upon-Thames	51.4516	-0.3352	2005	4315	392783	299950	102000	47500	25800	300
Richmond-upon-Thames	51.4516	-0.3352	2006	5404	434585	330000	99000	52500	27300	320
Richmond-upon-Thames	51.4516	-0.3352	2007	4692	510950	381000	104000	56900	29100	340
Richmond-upon-Thames	51.4516	-0.3352	2008	2412	508911	375000	103000	57000	30000	340
Richmond-upon-Thames	51.4516	-0.3352	2009	2600	508409	376425	101000	58900	30800	320
Richmond-upon-Thames	51.4516	-0.3352	2010	3217	550796	400000	101000	56300	30600	330
Richmond-upon-Thames	51.4516	-0.3352	2011	3147	570178	420000	104000	57400	31500	350
Richmond-upon-Thames	51.4516	-0.3352	2012	3289	590459	430000	102000	58800	33400	370
Richmond-upon-Thames	51.4516	-0.3352	2013	3608	644778	475000	107000	64000	33700	390
Richmond-upon-Thames	51.4516	-0.3352	2014	3425	730459	534995	104000	64600	35800	400
Richmond-upon-Thames	51.4516	-0.3352	2015	3234	754191	577750	104000	67300	35500	420
Richmond-upon-Thames	51.4516	-0.3352	2016	2884	775357	605000	103000	67000	36600	440
Richmond-upon-Thames	51.4516	-0.3352	2017	2642	819044	650000	108000	69000	36100	460
Richmond-upon-Thames	51.4516	-0.3352	2018	2500	830000	670000	105000	73800	37600	480
Richmond-upon-Thames	51.4516	-0.3352	2019	2200	850000	690000	104000	77400	38900	490
Richmond-upon-Thames	51.4516	-0.3352	2020	2100	890000	700000	106000	77900	39500	500
Richmond-upon-Thames	51.4516	-0.3352	2021	2000	910000	720000	104000	90400	44000	520
Southwark	51.5037	-0.0802	1995	2650	84677	71000	103000	19000	13000	51
Southwark	51.5037	-0.0802	1996	3132	87617	72625	106000	19500	13500	52
Southwark	51.5037	-0.0802	1997	4429	103515	85000	110000	20000	13900	53
Southwark	51.5037	-0.0802	1998	4384	121755	99000	112000	20200	14400	55
Southwark	51.5037	-0.0802	1999	5252	142789	123000	114000	20400	14600	55
Southwark	51.5037	-0.0802	2000	5075	184697	155000	120000	22500	15400	57
Southwark	51.5037	-0.0802	2001	5273	209574	180000	97000	25900	16900	59
Southwark	51.5037	-0.0802	2002	5140	221727	190000	111000	24600	17900	58
Southwark	51.5037	-0.0802	2003	4699	240345	208500	115000	25400	18200	60
Southwark	51.5037	-0.0802	2004	5395	252682	225000	124000	26300	17800	61
Southwark	51.5037	-0.0802	2005	4542	273515	239973	133000	29500	20000	67
Southwark	51.5037	-0.0802	2006	5624	289173	247000	136000	31800	20400	70
Southwark	51.5037	-0.0802	2007	5262	332738	276000	136000	36000	21900	73
Southwark	51.5037	-0.0802	2008	2507	328055	278000	130000	36000	22000	77
Southwark	51.5037	-0.0802	2009	2357	338570	285000	127000	36800	23300	80
Southwark	51.5037	-0.0802	2010	3333	376688	314500	136000	35400	23800	81
Southwark	51.5037	-0.0802	2011	3205	400980	320000	138000	36500	24300	85
Southwark	51.5037	-0.0802	2012	3374	415796	332250	135000	37500	25000	94
Southwark	51.5037	-0.0802	2013	4240	441747	350000	136000	40500	26200	99
Southwark	51.5037	-0.0802	2014	3868	518144	420000	140000	41600	27700	99
Southwark	51.5037	-0.0802	2015	4035	583065	475000	144000	44200	27100	104
Southwark	51.5037	-0.0802	2016	3609	643858	512750	148000	45400	29400	101
Southwark	51.5037	-0.0802	2017	3379	641210	530000	146000	48600	29400	100
Southwark	51.5037	-0.0802	2018	3100	660000	550000	158000	49400	31400	99
Southwark	51.5037	-0.0802	2019	3000	690000	580000	152000	53400	33500	102
Southwark	51.5037	-0.0802	2020	2820	720000	590000	146000	55300	33900	105
Southwark	51.5037	-0.0802	2021	2516	760000	620000	156000	57800	34400	107
Sutton	51.3636	-0.1943	1995	3389	76952	67000	85000	19000	15500	51
Sutton	51.3636	-0.1943	1996	4270	79561	69000	89000	19200	15900	51
Sutton	51.3636	-0.1943	1997	4573	88169	75000	90000	19500	16000	52
Sutton	51.3636	-0.1943	1998	4481	100413	85000	91000	20000	16300	53
Sutton	51.3636	-0.1943	1999	5037	113447	98000	93000	21000	16400	54
Sutton	51.3636	-0.1943	2000	4398	138136	119950	82000	21900	17000	55
Sutton	51.3636	-0.1943	2001	4878	153408	132500	98000	23100	17600	55
Sutton	51.3636	-0.1943	2002	5059	177432	156000	93000	23700	17800	58
Sutton	51.3636	-0.1943	2003	4531	197763	175000	90000	24600	18400	59
Sutton	51.3636	-0.1943	2004	4740	212522	187000	95000	25600	18900	64
Sutton	51.3636	-0.1943	2005	3843	225682	200000	101000	26300	20200	65
Sutton	51.3636	-0.1943	2006	4820	239235	210000	99000	28400	21400	69
Sutton	51.3636	-0.1943	2007	4748	261248	233000	100000	30000	22500	75
Sutton	51.3636	-0.1943	2008	2397	259375	230000	100000	30000	23000	77
Sutton	51.3636	-0.1943	2009	2420	239794	210000	98000	30000	23200	80
Sutton	51.3636	-0.1943	2010	2377	264951	235000	103000	29100	22300	81
Sutton	51.3636	-0.1943	2011	2444	267042	233000	99000	31400	25300	87
Sutton	51.3636	-0.1943	2012	2568	272250	240000	97000	32400	25000	95
Sutton	51.3636	-0.1943	2013	2994	286681	250000	103000	32800	25100	99
Sutton	51.3636	-0.1943	2014	3396	322434	285000	102000	33600	25900	109
Sutton	51.3636	-0.1943	2015	3260	358826	320250	102000	35400	27400	109
Sutton	51.3636	-0.1943	2016	3206	387585	347500	103000	35500	27300	108
Sutton	51.3636	-0.1943	2017	2901	402121	367000	103000	36900	28200	107
Sutton	51.3636	-0.1943	2018	2500	440000	370000	101000	38500	29700	107
Sutton	51.3636	-0.1943	2019	2100	450000	380000	102000	40200	30200	108
Sutton	51.3636	-0.1943	2020	2000	490000	400000	100000	41400	31400	112
Sutton	51.3636	-0.1943	2021	1842	510000	410000	102000	45200	33300	115
Tower Hamlets	51.5156	-0.0415	1995	2155	76933	67500	49000	20100	13500	57
Tower Hamlets	51.5156	-0.0415	1996	2511	88715	77000	50000	20600	13800	57
Tower Hamlets	51.5156	-0.0415	1997	3833	110807	95000	53000	21500	13900	58
Tower Hamlets	51.5156	-0.0415	1998	4559	129367	115000	55000	22500	14000	59
Tower Hamlets	51.5156	-0.0415	1999	5531	159999	140000	59000	22900	14200	59
Tower Hamlets	51.5156	-0.0415	2000	5101	190411	162500	81000	25000	16500	63
Tower Hamlets	51.5156	-0.0415	2001	5003	208596	184950	76000	29900	19100	68
Tower Hamlets	51.5156	-0.0415	2002	4771	222708	200000	76000	28500	19300	70
Tower Hamlets	51.5156	-0.0415	2003	4149	237860	211000	69000	28300	18300	70
Tower Hamlets	51.5156	-0.0415	2004	5841	260847	230000	90000	29600	19200	67
Tower Hamlets	51.5156	-0.0415	2005	4849	265639	238000	89000	31500	19800	70
Tower Hamlets	51.5156	-0.0415	2006	5365	281493	249995	103000	33500	19400	73
Tower Hamlets	51.5156	-0.0415	2007	5463	333393	290000	103000	37400	21200	77
Tower Hamlets	51.5156	-0.0415	2008	2562	328379	289998	110000	38000	23000	81
Tower Hamlets	51.5156	-0.0415	2009	2996	333797	290000	110000	38300	24500	84
Tower Hamlets	51.5156	-0.0415	2010	3788	345385	305000	107000	37400	24000	86
Tower Hamlets	51.5156	-0.0415	2011	3368	345026	300000	112000	38200	24700	92
Tower Hamlets	51.5156	-0.0415	2012	3600	355588	305000	115000	39000	25800	99
Tower Hamlets	51.5156	-0.0415	2013	4376	383842	329000	119000	40800	27000	104
Tower Hamlets	51.5156	-0.0415	2014	5004	445319	385000	121000	41800	26600	111
Tower Hamlets	51.5156	-0.0415	2015	4074	483423	425000	122000	45000	28900	112
Tower Hamlets	51.5156	-0.0415	2016	4551	524508	470000	130000	46600	30500	115
Tower Hamlets	51.5156	-0.0415	2017	3290	554009	490000	136000	46600	30200	111
Tower Hamlets	51.5156	-0.0415	2018	3100	559000	510000	136000	49300	31100	110
Tower Hamlets	51.5156	-0.0415	2019	3300	590000	530000	140000	50100	32700	109
Tower Hamlets	51.5156	-0.0415	2020	3200	610000	550000	139000	52700	34100	112
Tower Hamlets	51.5156	-0.0415	2021	3000	620000	580000	147000	55500	35500	114
Waltham Forest	51.5898	-0.0196	1995	3301	58120	55000	81000	17500	13900	57
Waltham Forest	51.5898	-0.0196	1996	3994	60623	56000	82000	17600	14100	58
Waltham Forest	51.5898	-0.0196	1997	4619	67020	62000	84000	18100	14500	59
Waltham Forest	51.5898	-0.0196	1998	4643	77012	71000	89000	18200	14900	60
Waltham Forest	51.5898	-0.0196	1999	5297	88497	79995	91000	18500	15000	60
Waltham Forest	51.5898	-0.0196	2000	5035	105279	96000	114000	19600	15100	63
Waltham Forest	51.5898	-0.0196	2001	5334	123846	118000	99000	20300	16600	64
Waltham Forest	51.5898	-0.0196	2002	5373	155056	149000	102000	20100	17200	67
Waltham Forest	51.5898	-0.0196	2003	5008	178958	172000	94000	20100	16800	68
Waltham Forest	51.5898	-0.0196	2004	4821	195125	187500	111000	20800	16600	70
Waltham Forest	51.5898	-0.0196	2005	4356	205386	198000	114000	22000	17700	72
Waltham Forest	51.5898	-0.0196	2006	5064	218586	215000	115000	23100	17900	71
Waltham Forest	51.5898	-0.0196	2007	4893	245515	239000	121000	23200	18200	79
Waltham Forest	51.5898	-0.0196	2008	2446	238156	231000	120000	24000	19000	78
Waltham Forest	51.5898	-0.0196	2009	1994	220077	211500	119000	24800	20600	80
Waltham Forest	51.5898	-0.0196	2010	2267	236576	230000	129000	24400	19700	81
Waltham Forest	51.5898	-0.0196	2011	2329	240234	232000	123000	25300	20300	87
Waltham Forest	51.5898	-0.0196	2012	2339	251671	241500	121000	26200	21400	92
Waltham Forest	51.5898	-0.0196	2013	2875	281255	265000	124000	27000	21900	105
Waltham Forest	51.5898	-0.0196	2014	3470	334326	320000	128000	28200	22700	101
Waltham Forest	51.5898	-0.0196	2015	3395	384365	372000	135000	29400	23900	105
Waltham Forest	51.5898	-0.0196	2016	3010	431878	422000	135000	30300	24500	105
Waltham Forest	51.5898	-0.0196	2017	2711	459922	445000	138000	31900	25500	105
Waltham Forest	51.5898	-0.0196	2018	2500	490000	480000	134000	33700	26800	105
Waltham Forest	51.5898	-0.0196	2019	2400	510000	500000	139000	34900	27700	103
Waltham Forest	51.5898	-0.0196	2020	2300	530000	530000	133000	37100	28900	105
Waltham Forest	51.5898	-0.0196	2021	2100	590000	580000	140000	40100	30900	106
Wandsworth	51.4571	-0.181	1995	5699	110955	85500	135000	23000	17700	62
Wandsworth	51.4571	-0.181	1996	7265	120488	94000	139000	25000	17800	64
Wandsworth	51.4571	-0.181	1997	8485	137915	108000	140000	27000	17900	65
Wandsworth	51.4571	-0.181	1998	7658	156645	125000	142000	28000	18000	66
Wandsworth	51.4571	-0.181	1999	9592	192372	155000	144000	29300	18100	66
Wandsworth	51.4571	-0.181	2000	7628	233777	182000	144000	36300	21000	67
Wandsworth	51.4571	-0.181	2001	8208	252378	204000	143000	36000	21700	70
Wandsworth	51.4571	-0.181	2002	8658	285773	235000	143000	35700	22000	72
Wandsworth	51.4571	-0.181	2003	7245	299813	242500	134000	37800	22600	77
Wandsworth	51.4571	-0.181	2004	8511	335011	260000	154000	38200	22000	82
Wandsworth	51.4571	-0.181	2005	7435	349202	277500	155000	44100	24500	87
Wandsworth	51.4571	-0.181	2006	9445	395120	312000	162000	45400	25300	95
Wandsworth	51.4571	-0.181	2007	8506	455751	355000	167000	49500	26100	100
Wandsworth	51.4571	-0.181	2008	3997	444944	350000	160000	50000	28000	105
Wandsworth	51.4571	-0.181	2009	4424	459109	350000	157000	52800	29200	108
Wandsworth	51.4571	-0.181	2010	5329	493683	380000	159000	50700	29000	105
Wandsworth	51.4571	-0.181	2011	5274	508691	390000	161000	53400	29400	112
Wandsworth	51.4571	-0.181	2012	5296	532430	415750	155000	54700	31000	121
Wandsworth	51.4571	-0.181	2013	6257	584510	465000	164000	59900	31900	131
Wandsworth	51.4571	-0.181	2014	5934	681731	532250	168000	59200	32900	126
Wandsworth	51.4571	-0.181	2015	5882	687589	560000	171000	63600	34200	128
Wandsworth	51.4571	-0.181	2016	5531	775484	644000	169000	64900	35000	129
Wandsworth	51.4571	-0.181	2017	4959	818443	654000	171000	67900	34500	128
Wandsworth	51.4571	-0.181	2018	4500	830000	680000	168000	70400	37100	126
Wandsworth	51.4571	-0.181	2019	4400	880000	700000	172000	72400	38900	125
Wandsworth	51.4571	-0.181	2020	4300	920000	720000	168000	75300	39000	128
Wandsworth	51.4571	-0.181	2021	4200	940000	740000	182000	79700	40200	130
Westminster	51.509	-0.1337	1995	4038	183338	127550	89000	40000	16900	69
Westminster	51.509	-0.1337	1996	4830	190417	133000	91000	41000	17000	70
Westminster	51.509	-0.1337	1997	6539	228494	160950	93000	45800	17100	72
Westminster	51.509	-0.1337	1998	5524	282269	177000	95000	46100	17000	73
Westminster	51.509	-0.1337	1999	6783	307029	220000	96000	46400	17300	74
Westminster	51.509	-0.1337	2000	6364	374658	250000	113000	49100	23000	76
Westminster	51.509	-0.1337	2001	5891	410251	280000	95000	55600	21900	78
Westminster	51.509	-0.1337	2002	6414	440783	319475	88000	56600	22800	81
Westminster	51.509	-0.1337	2003	5217	457656	325000	85000	57500	23500	82
Westminster	51.509	-0.1337	2004	5226	498794	345445	105000	56500	23100	84
Westminster	51.509	-0.1337	2005	4984	545120	375000	105000	68100	27100	87
Westminster	51.509	-0.1337	2006	6354	589613	410000	108000	73600	27000	90
Westminster	51.509	-0.1337	2007	5440	693083	475000	111000	82600	29200	94
Westminster	51.509	-0.1337	2008	2801	781173	495000	111000	90000	30000	94
Westminster	51.509	-0.1337	2009	2900	742745	499999	103000	93500	31900	97
Westminster	51.509	-0.1337	2010	3603	823306	580000	107000	83400	31400	98
Westminster	51.509	-0.1337	2011	3297	958412	600000	104000	88200	32400	106
Westminster	51.509	-0.1337	2012	3237	1147250	635000	99000	92200	35200	111
Westminster	51.509	-0.1337	2013	3635	1299376	725000	100000	107000	36400	118
Westminster	51.509	-0.1337	2014	3536	1464109	875000	102000	104000	35100	122
Westminster	51.509	-0.1337	2015	2869	1361091	890000	105000	109000	37800	126
Westminster	51.509	-0.1337	2016	2772	1579839	1024500	106000	107000	36100	132
Westminster	51.509	-0.1337	2017	2455	1718124	1025000	98000	124000	39700	130
Westminster	51.509	-0.1337	2018	1963	1900000	1050000	102000	120000	39200	127
Westminster	51.509	-0.1337	2019	1950	2000000	1090000	98000	118000	39900	121
Westminster	51.509	-0.1337	2020	1841	2200000	1210000	100000	123000	42100	125
Westminster	51.509	-0.1337	2021	1742	2300000	1320000	102000	133000	41200	127
